Série,N,Média,Desvio,Mínimo,25%,Mediana,75%,Máximo,País
ind_prod_sa,316.0,97.2923601265823,4.727638289838587,84.5619,92.98445,99.00645,101.022,104.1004,EUA
ind_prod_nsa,316.0,97.2879256329114,4.869420009491164,82.5429,93.228275,98.84495,101.0713,106.086,EUA
fed_funds,316.0,2.0284493670886077,2.0271579449900066,0.05,0.15,1.28,3.9475,6.54,EUA
ind_prod_sa,291.0,105.59690721649484,11.102122694905729,70.2,97.25,105.6,112.75,131.2,Brasil
ind_prod_nsa,290.0,105.67241379310344,8.52386418177979,75.5,100.1,103.65,114.275,122.3,Brasil
selic,317.0,12.409305993690852,4.865218212064929,2.0,9.25,12.25,15.0,26.5,Brasil
